懂你英语,cookies,Wi-Fi,,,,
1-10,FALSE,ichangtou,,,,
11-25,cookies1,ict_force,,,,
26-40,cookies2,ichangtou,,,,
41-50,cookies1,ict_force-x,,,,
51-64,cookies2,ict_force,,,,
,,,,,,
洛基英语,cookies,Wi-Fi,,,,
1-10,FALSE,ict_force-x,,,,
11-25,cookies1,ichangtou,,,,
26-40,cookies2,ict_force-x,,,,
41-50,cookies1,ict_force,,,,
51-60,cookies1,ict_force-x,,,,
61-72,cookies2,ichangtou,,,,
,,,,,,
唯库,cookies,Wi-Fi,,,,
1-10,FALSE,ict_force,,,,
11-25,cookies2,ict_force-x,,,,
26-34,cookies1,ichangtou,,,,
,,,,,,
,,,,,,
,,,,,,
,,,,,,
,,,,,,
,,,,,,