0,唯库,warfalcon,1
1,唯库,汤小小,1
2,唯库,同学资源网,1
3,唯库,TalentGuide,2
4,唯库,金融街李莫愁,1
5,唯库,联图LINKTU,8
6,唯库,有号以后,11
7,唯库,宛央女子,1
8,唯库,征文约稿动态,1
9,唯库,doyoudo,2
10,唯库,社会学了没,1
11,唯库,每天学个小知识,1
12,唯库,体育圈人,1
13,唯库,倾我们所能去生活,2
14,唯库,Bobo的悦读时光,2
15,唯库,好好学习社,2
16,唯库,一直特立独行的猫,12
17,唯库,金融内参,1
18,唯库,做个搭配达人,1
19,唯库,长江商业评论,2
20,唯库,Spenser,1
21,唯库,智通职场,1
22,唯库,南瓜学堂,2
23,唯库,职场心理系,1
24,唯库,金融八卦女频道,1
25,唯库,看准,1
26,唯库,媒哥开门,3
27,唯库,小薇优选,1
28,唯库,热门语录,1
29,唯库,CITYZINE,1
30,唯库,郎club,2
31,唯库,营销界,1
32,唯库,恶魔奶爸Sam,7
33,唯库,唯库文化,1
34,唯库,清单,4
35,唯库,心理时间,1
36,唯库,鸵鸟VIP,1
37,唯库,与尔同消万古愁,2
38,唯库,风格上追求自由的分享,1
39,唯库,笨鸟文摘,1
40,唯库,思想聚焦,2
41,唯库,征稿网,1
42,唯库,新兴产业投资联盟,2
43,唯库,肥肥猫的小酒馆,1
44,唯库,不止读书,1
45,唯库,有为青年空间,1
46,唯库,毒舌科技,2
47,唯库,行尸走肉免费资源,1
48,唯库,360doc个人图书馆,1
49,唯库,坤龙老师团队,1
50,唯库,村上春树的艺术世界,1
51,唯库,生活艺术汇,2
52,唯库,新东方,1
53,唯库,小步流星,1
54,唯库,PUA蚂蚁团队,2
55,唯库,苏小旗,1
56,唯库,遇见小mi,2
57,唯库,绝地求生大逃杀开黑,4
58,唯库,娱乐扒卦,1
59,唯库,喜马拉雅FM,1
60,唯库,苏心,2
61,唯库,金融纵横谈,2
62,唯库,财经记者圈,1
63,唯库,创意果子,1
64,唯库,单仁行,2
65,唯库,黑天鹅图书,3
66,唯库,十万加爆文,1
67,唯库,麦子熟了,2
68,唯库,彼岸天漫画,2
69,唯库,创业邦,1
70,唯库,妮妮小屋,1
71,唯库,IT高管会,2
72,唯库,免税零售专家,1
73,唯库,新墨客,1
74,唯库,落知书社,2
75,唯库,飞碟说,1
76,唯库,富兰克林读书俱乐部,3
77,唯库,澳洲折扣资讯,1
78,唯库,青年中国说,1
79,唯库,小橙干货分享,1
80,唯库,英语每日充电,4
81,唯库,职场木沐说,1
82,唯库,风茕子,1
83,唯库,阿何有话说,38
84,唯库,壹品课,2
85,唯库,戏梦空间,1
86,唯库,Kris在路上,2
87,唯库,精品课程云分享,1
88,唯库,品牌与管理,1
89,唯库,MBA精英圈,2
90,唯库,思想新知,1
91,唯库,理财频道,1
92,唯库,悦读进化论,1
93,唯库,MBA俱乐部,1
94,唯库,魅力Ti验,13
95,唯库,大连晚报,1
96,唯库,中国青年报,1
97,唯库,悦读,1
98,唯库,Skill成长课堂,18
99,唯库,大大的世界和小小的人儿,2
100,唯库,充电好课,1
101,唯库,秋小愚,1
102,唯库,大富建造师,1
103,唯库,青岛训犬,1
104,唯库,书单,1
105,唯库,牛弹琴,1
106,唯库,HUGO,2
107,唯库,一周进步,1
108,唯库,阅读社会,2
109,唯库,卢璐说,3
110,唯库,聚金资本,1
111,唯库,Photoshop大师,1
112,唯库,剽悍一只猫,2
113,唯库,意林,2
114,唯库,絮絮道来吧,1
115,唯库,MOOC,1
116,唯库,缓缓说,1
117,唯库,老踏科研联盟,3
118,唯库,基金从业资格考试,3
119,唯库,眼明心亮,1
120,唯库,现代诗歌星期六,1
121,唯库,人脉圈济宁哥,1
122,唯库,行动派DreamList,1
123,唯库,美业人人,1
124,唯库,知识付费优惠券,4
125,唯库,环球旅行,1
126,唯库,搜狗阅读,2
127,唯库,春楠整理,6
128,唯库,晚安书院,8
129,唯库,曲玮玮,1
130,唯库,小情人游世界,1
131,唯库,恩美创投圈,1
132,唯库,生活,1
133,唯库,商业洞察,1
134,唯库,女性成长新航线,1
135,唯库,玩转职场,2
136,唯库,上海仓储,2
137,唯库,乔布简历,1
138,唯库,创意很关键,1
139,唯库,深夜一段话,2
140,唯库,互联网分析沙龙,2
141,唯库,蓝鲸浑水,1
142,唯库,职场充电宝,18
143,唯库,麦子成长营,2
0,洛基英语,上海艾呼网络科技,1
1,洛基英语,warfalcon,1
2,洛基英语,汤小小,1
3,洛基英语,英语风,1
4,洛基英语,六盘水天羿幼儿园,1
5,洛基英语,雅思中国网,1
6,洛基英语,天才英语人,3
7,洛基英语,SUIBE外院就业指导平台,1
8,洛基英语,济南洛基山国际教育,1
9,洛基英语,崇明嘎三胡,1
10,洛基英语,ABC影视,3
11,洛基英语,洛基集训营,2
12,洛基英语,德宏团结报,4
13,洛基英语,洛基家园,19
14,洛基英语,淮师院career,1
15,洛基英语,VOA慢速英语,3
16,洛基英语,洛基山外语,2
17,洛基英语,大脑地图深圳南山中心,1
18,洛基英语,英语美文,3
19,洛基英语,大学吧,1
20,洛基英语,吴忠聚影咖主题影院,1
21,洛基英语,校园招聘,2
22,洛基英语,云逸未来,1
23,洛基英语,资源共享圈,1
24,洛基英语,小木虫,1
25,洛基英语,大东华校园通,1
26,洛基英语,爱英语,3
27,洛基英语,Kyle,1
28,洛基英语,赣师招生就业,1
29,洛基英语,大学生在看,1
30,洛基英语,上海外贸PACC勤工办,1
31,洛基英语,可可英语,3
32,洛基英语,燕归来PPT,1
33,洛基英语,EnglishVIP口语,6
34,洛基英语,最新电影订阅,1
35,洛基英语,学术派,2
36,洛基英语,Edwin欧美音乐疯,1
37,洛基英语,安阳洛基山英语学校,5
38,洛基英语,105影视,1
39,洛基英语,洛基英语集训营,1
40,洛基英语,壹学社,1
41,洛基英语,知米妞,1
42,洛基英语,美洲虎少儿英语,1
43,洛基英语,500强实习,1
44,洛基英语,考研英语时事阅读,1
45,洛基英语,五音天下,1
46,洛基英语,西北师大就业中心,1
47,洛基英语,遗忘之名,1
48,洛基英语,济南洛基山外语,1
49,洛基英语,电影资源分享,1
50,洛基英语,商丘师院就业服务中心,1
51,洛基英语,布鲁科夫,1
52,洛基英语,8606英语公会,14
53,洛基英语,英语范,1
54,洛基英语,泉州晋江SM国际广场,1
55,洛基英语,职场英语,5
56,洛基英语,中国日报网双语新闻,1
57,洛基英语,旭旭如声Roxy,1
58,洛基英语,常春藤大脑地图家长汇,1
59,洛基英语,每天记单词,1
60,洛基英语,理想岛,1
61,洛基英语,大脑地图广渠门校区,2
62,洛基英语,香草招聘一1天工作网,4
63,洛基英语,天鸿宝地榆林分公司,1
64,洛基英语,思想精髓,1
65,洛基英语,鸿洋,1
66,洛基英语,听歌学英语,2
67,洛基英语,十点英语资讯,1
68,洛基英语,AroundU2,2
69,洛基英语,洛基英语,270
70,洛基英语,洛基山教育,8
71,洛基英语,Bingo教你说美语,5
72,洛基英语,啊哦i奉贤,1
73,洛基英语,美国雅众360,1
74,洛基英语,爱子留学,1
75,洛基英语,德宏交通旅游广播,1
76,洛基英语,玩转职场,1
77,洛基英语,影视控v,1
78,洛基英语,Hsy在线,2
79,洛基英语,FT每日英语,1
80,洛基英语,九点纠音,3
81,洛基英语,华政资助,2
82,洛基英语,加百列英语,2
83,洛基英语,洛友之家,3
84,洛基英语,安卓笔记侠,1
85,洛基英语,英语奇葩说,41
86,洛基英语,MasterEnglish,1
87,洛基英语,穷考网,2
88,洛基英语,快说英语,9
89,洛基英语,每日学英语,5
90,洛基英语,新桥培训学校,1
91,洛基英语,英语口语每天学,3
92,洛基英语,上海实习,1
93,洛基英语,剑桥幼教机构,2
94,洛基英语,外语职位精选,1
95,洛基英语,山水幼儿园,1
96,洛基英语,上海招聘,2
97,洛基英语,数据玩家,1
98,洛基英语,英语奇葩秀,20
99,洛基英语,艺考查查,1
100,洛基英语,哆啦英语,8
101,洛基英语,洛基听枣校园,3
102,洛基英语,复旦大数据,1
103,洛基英语,51找翻译,1
104,洛基英语,太原招聘通,1
105,洛基英语,选择自己,3
106,洛基英语,非著名程序员,1
107,洛基英语,英语爱好者,8
108,洛基英语,精进Excel,2
109,洛基英语,Abu亲子俱乐部,1
110,洛基英语,经济学人双语精读,1
111,洛基英语,旅游英语,5
112,洛基英语,世界华人周刊,1
113,洛基英语,龙港康乐幼儿园,1
114,洛基英语,大学之大,3
115,洛基英语,洛基外语论坛网,2
116,洛基英语,飞鸟招聘一一北京,1
117,洛基英语,外文杂志报刊,1
118,洛基英语,大学生励志成才网,1
119,洛基英语,普特英语听力网,3
120,洛基英语,HOTELENGLISH,1
121,洛基英语,英语交流,3
122,洛基英语,听枣8606,1
123,洛基英语,御格国际教育集团,1
124,洛基英语,数据局,1
125,洛基英语,BEC剑桥商务英语,2
126,洛基英语,职场充电宝,1
127,洛基英语,微英语,2
128,洛基英语,精英特训营,5
129,洛基英语,w3c技术教程,1
130,洛基英语,笔记侠,1
131,洛基英语,阿何有话说,2
132,洛基英语,大庆油城幼儿园公众号,1
133,洛基英语,乐喜教育,7
134,洛基英语,思享汇SOFL,2
135,洛基英语,考试倒计时,1
136,洛基英语,苏州实习,2
137,洛基英语,广师Besten,1
138,洛基英语,怡安学姐,1
139,洛基英语,大学生家教帮,1
140,洛基英语,21世纪英文报,6
141,洛基英语,鹏智教育,1
142,洛基英语,亲子club,1
143,洛基英语,蔡雷英语,1
144,洛基英语,每天英语,1
145,洛基英语,51考研网,1
146,洛基英语,红杉树智能英语家长慧,1
147,洛基英语,洛基国际英语,4
148,洛基英语,宋军良小学英语,1
149,洛基英语,洛基英语网,9
150,洛基英语,青年史学家,2
151,洛基英语,牡丹江市洛基山外语学校,4
152,洛基英语,英语极客说,1
153,洛基英语,商丘师范学院大学生就业与创业协会,1
154,洛基英语,洛基英语人才招聘,5
155,洛基英语,悠品影音,1
156,洛基英语,就业平台,1
157,洛基英语,希望之星风采大赛,1
158,洛基英语,秋小愚,2
159,洛基英语,英语发烧友俱乐部,2
160,洛基英语,梦想家高清电影下载,1
161,洛基英语,中国人力资源,1
162,洛基英语,VOA英语学习,1
163,洛基英语,万人英语晨读,1
164,洛基英语,左手影视,1
165,洛基英语,职优你上海,1
166,洛基英语,英语视频,5
167,洛基英语,维克多英语,1
168,洛基英语,英伦腔调,6
169,洛基英语,英语极客微课堂,1
170,洛基英语,英语教室,1
171,洛基英语,Kevin英语情报局,2
172,洛基英语,秒工作招聘上海,9
173,洛基英语,斗牛犬日记,1
174,洛基英语,西雅图全美万通GreatDeals,1
175,洛基英语,中国日报双语新闻,2
176,洛基英语,TWS英语秀,1
177,洛基英语,大学生励志网,1
178,洛基英语,BBC英语,1
179,洛基英语,数据与算法之美,2
180,洛基英语,六盘水洛基山英语,2
181,洛基英语,米粒少儿英语,1
182,洛基英语,WeLearner,1
183,洛基英语,手畅Wemobil,1
184,洛基英语,码农翻身,1
185,洛基英语,英语快递,2
186,洛基英语,为你读英语美文,3
0,懂你英语,为你写一个故事,1
1,懂你英语,妈咪成长手册,1
2,懂你英语,DisneyEnglish,2
3,懂你英语,英语风,1
4,懂你英语,滴答澳洲站,1
5,懂你英语,武志红,1
6,懂你英语,文传学工,1
7,懂你英语,明师俱乐部,1
8,懂你英语,种草小萌主,1
9,懂你英语,西安吉的堡科技校,1
10,懂你英语,极客公园,1
11,懂你英语,王耳朵先生,1
12,懂你英语,玉米味Heidi,1
13,懂你英语,育儿宝典,1
14,懂你英语,一万口新鲜,1
15,懂你英语,懂你白金号,4
16,懂你英语,来一起读绘本,1
17,懂你英语,DT数据侠,1
18,懂你英语,自黑狂魔唐大夫,1
19,懂你英语,践人王,2
20,懂你英语,小花生网,1
21,懂你英语,嗨说英语,1
22,懂你英语,红杉树智能英语市场服务,1
23,懂你英语,悦思学习源动力,1
24,懂你英语,清华帮,1
25,懂你英语,自由翻译日记,1
26,懂你英语,眸中深海,1
27,懂你英语,懂你Gift,1
28,懂你英语,大Mia的时尚账号,1
29,懂你英语,G.P.A,1
30,懂你英语,百分百英语,1
31,懂你英语,爱英语,2
32,懂你英语,山河小岁月,1
33,懂你英语,拇指城财大版,1
34,懂你英语,一个黄藜,1
35,懂你英语,沪江网校,1
36,懂你英语,小懒同学哇,1
37,懂你英语,丁香医生,1
38,懂你英语,外语学堂,4
39,懂你英语,了不起我的国,1
40,懂你英语,英语童话镇,1
41,懂你英语,百特英语培训,1
42,懂你英语,菲思留学移民,1
43,懂你英语,才华有限青年,1
44,懂你英语,周国平,1
45,懂你英语,中一美文朗读,1
46,懂你英语,英语好教师,1
47,懂你英语,巴巴家房产网,1
48,懂你英语,Linda留学外语小站,1
49,懂你英语,外贸人之家,1
50,懂你英语,青年文摘报,1
51,懂你英语,蝉创意,1
52,懂你英语,美剧学长,1
53,懂你英语,张先生说,1
54,懂你英语,1920艺术馆,1
55,懂你英语,bookface,1
56,懂你英语,新东方在线,1
57,懂你英语,社区安全屋为平安加油,1
58,懂你英语,TechNews科技新报,1
59,懂你英语,一个程序员的日常,1
60,懂你英语,桃红梨白,1
61,懂你英语,中南大刑事司法学院团委,1
62,懂你英语,培耳外语工作室,1
63,懂你英语,长安福特,1
64,懂你英语,MISS南,2
65,懂你英语,美剧英语每天一句,1
66,懂你英语,加州国际儿童俱乐部,1
67,懂你英语,深大通,1
68,懂你英语,Jennifer邀你瞎逛逛,1
69,懂你英语,花花酱,1
70,懂你英语,全食物日记,1
71,懂你英语,意林,1
72,懂你英语,有点自卑,1
73,懂你英语,缓缓说,2
74,懂你英语,秦小明,1
75,懂你英语,硬核少女,1
76,懂你英语,创新教育实验室,1
77,懂你英语,英语语录,1
78,懂你英语,英语周报订阅号,1
79,懂你英语,西安领养日,1
80,懂你英语,天湖小舟,1
81,懂你英语,大人要脸,1
82,懂你英语,地球知识局,1
83,懂你英语,假装在纽约,1
84,懂你英语,青年文摘,1
85,懂你英语,王冠雄,1
86,懂你英语,安恒利国际,1
87,懂你英语,教你学英语,1
88,懂你英语,原版进口英语教材,1
89,懂你英语,百思英语工作室,1
90,懂你英语,书单来了,5
91,懂你英语,图南英语,1
92,懂你英语,kinderpower,1
93,懂你英语,旋转七天乐器,1
94,懂你英语,社会学了没,1
95,懂你英语,星球研究所,1
96,懂你英语,卡尔赫林,1
97,懂你英语,快乐8分钟,1
98,懂你英语,Hotelers,1
99,懂你英语,油炸绿番茄,1
100,懂你英语,谷大白话,1
101,懂你英语,华一艺术生文化课冲刺,1
102,懂你英语,宁波外轮理货有限公司工会委员会,1
103,懂你英语,读不懂的诗歌与去不了的远方,1
104,懂你英语,北京文惠卡官方订阅号,1
105,懂你英语,中国人民大学留学,1
106,懂你英语,微译学国际教育在线,1
107,懂你英语,CU检说法,1
108,懂你英语,山花开了,1
109,懂你英语,红肚兜儿,1
110,懂你英语,可以写字,1
111,懂你英语,小芳老师,1
112,懂你英语,小宝的英语教室,1
113,懂你英语,烟风,1
114,懂你英语,遇见商大Pro,1
115,懂你英语,晚睡,1
116,懂你英语,北京学大教育,1
117,懂你英语,YangFanJame,1
118,懂你英语,优购电子商务平台,1
119,懂你英语,青涩日记,1
120,懂你英语,麦家陪你读书,1
121,懂你英语,十八般污艺,1
122,懂你英语,唯美英文情诗,2
123,懂你英语,思维补丁,1
124,懂你英语,番尼兔,1
125,懂你英语,牵手世界,1
126,懂你英语,攀枝花小新星教育,1
127,懂你英语,笑多不怀孕,1
128,懂你英语,天大机械科协,1
129,懂你英语,常叔怪谈,1
130,懂你英语,南京晓庄学院学生会,1
131,懂你英语,新起点教育,1
132,懂你英语,ZH正好,1
133,懂你英语,施言乱语,1
134,懂你英语,西班牙华人信息直通车,1
135,懂你英语,合肥新东方托福,1
136,懂你英语,一只狗的文艺复兴,1
137,懂你英语,K社,1
138,懂你英语,星际银河影城,1
139,懂你英语,丽子美妆,1
140,懂你英语,连岳,3
141,懂你英语,打浦桥Leehom,1
142,懂你英语,virusdefender,1
143,懂你英语,钢琴,1
144,懂你英语,携程每日特惠,1
145,懂你英语,孟叔说,1
146,懂你英语,与尔同消万古愁,1
147,懂你英语,英语那点事儿,1
148,懂你英语,假装学英语,1
149,懂你英语,南京信息工程大学雷丁学院,1
150,懂你英语,口袋英语美文,1
151,懂你英语,Kyle,1
152,懂你英语,琢磨先生,1
153,懂你英语,说钱,1
154,懂你英语,有书,1
155,懂你英语,长安福特学习运用分享平台,1
156,懂你英语,上应微学工,1
157,懂你英语,爱学英语的职场人Claudia,1
158,懂你英语,鲸Media,1
159,懂你英语,美文插画集,1
160,懂你英语,拜托了收姐,3
161,懂你英语,进击的慕慕,158
162,懂你英语,人民智慧网,1
163,懂你英语,英语视频,1
164,懂你英语,捡书姑娘,1
165,懂你英语,安琪和萝拉,11
166,懂你英语,926妈咪宝贝,1
167,懂你英语,EGONetworks,1
168,懂你英语,创就津生,1
169,懂你英语,中西景程,1
170,懂你英语,EEE文化中心,1
171,懂你英语,海报网,1
172,懂你英语,永辉体育,1
173,懂你英语,经管之家,1
174,懂你英语,极客视界,1
175,懂你英语,向30岁进发,1
176,懂你英语,灼见,1
177,懂你英语,一只鸡腿子,1
178,懂你英语,宝贝伴读,1
179,懂你英语,请尊重一个姑娘的努力,1
180,懂你英语,果库,1
181,懂你英语,口琴,1
182,懂你英语,罗希可爱多,1
183,懂你英语,多知网,1
184,懂你英语,朋客英语联盟,1
185,懂你英语,搜狗手机输入法,1
186,懂你英语,奔跑的老蔡,4
187,懂你英语,东东和西西,1
188,懂你英语,锌财经,1
189,懂你英语,一直特立独行的猫,1
190,懂你英语,北京百通思达翻译有限公司,1
191,懂你英语,英语美文,3
192,懂你英语,VOA小密圈,1
193,懂你英语,有束光,2
194,懂你英语,日韩买买买,1
195,懂你英语,混乱博物馆,1
196,懂你英语,职场闪电充,1
197,懂你英语,线话英语,2
198,懂你英语,乐中学,1
199,懂你英语,潮音乐,1
200,懂你英语,优习英语网,1
201,懂你英语,西宁市智易方教育培训学校,1
202,懂你英语,桃花马上石榴裙,1
203,懂你英语,KIKI的地下实验室,1
204,懂你英语,彭个瑶,1
205,懂你英语,微思小动,1
206,懂你英语,路易国际英语,2
207,懂你英语,先枫报,1
208,懂你英语,StudyStudy,1
209,懂你英语,都市女子图鉴,2
210,懂你英语,腰线,1
211,懂你英语,平和途冠留学,1
212,懂你英语,联合海格,1
213,懂你英语,陈大力,1
214,懂你英语,聚梦园,1
215,懂你英语,泽华财税,1
216,懂你英语,行长男朋友,1
217,懂你英语,李小木的小江湖,1
218,懂你英语,免费掌阅读,1
219,懂你英语,太原理工大学团委,1
220,懂你英语,枫叶一家亲,1
221,懂你英语,Cathy猫的英语世界,1
222,懂你英语,东方烟草报,1
223,懂你英语,福州韦博英语培训中心,1
224,懂你英语,金刚菩提,1
225,懂你英语,Mia敏而好学,2
226,懂你英语,新海归精英联盟,1
227,懂你英语,ISABELLE翠,1
228,懂你英语,春风十里不如懂你,3
229,懂你英语,邯郸海之源心理,1
230,懂你英语,佛教讲课,1
231,懂你英语,北师大物理学系分团委,1
232,懂你英语,梦幻微场景,1
233,懂你英语,李月亮,1
234,懂你英语,城南邮局,1
235,懂你英语,懂你英语,1
236,懂你英语,一读,2
237,懂你英语,阿何有话说,1
238,懂你英语,乐舞星途,1
239,懂你英语,新绛ABC英语,1
240,懂你英语,超级沟通术,1
241,懂你英语,陈慕元,21
242,懂你英语,影单来了,4
243,懂你英语,江湖夜雨不熄灯,1
244,懂你英语,半仙幺幺,1
245,懂你英语,懂你学考,2
246,懂你英语,芥末堆看教育,1
247,懂你英语,StellarEnglish,1
248,懂你英语,大大的世界和小小的人儿,1
249,懂你英语,高太爷,1
250,懂你英语,小道消息,2
251,懂你英语,遇见小mi,3
252,懂你英语,懂你英语精品课堂,1
253,懂你英语,懂你时光,1
254,懂你英语,占豪,1
255,懂你英语,爱丽丝的成长笔记,1
256,懂你英语,大连朗阁培训中心,1
257,懂你英语,半城,1
258,懂你英语,鲁瑾脱口秀,3
259,懂你英语,美文共享,1
260,懂你英语,行路读书,1
261,懂你英语,小仙女酱,1
262,懂你英语,电影派,1
263,懂你英语,Thundersoft中科创达,1
264,懂你英语,东方航空订阅号,1
265,懂你英语,英语口语小课堂,1
266,懂你英语,北极光自助网课,1
267,懂你英语,大学英语四级,1
268,懂你英语,每日听力,1
269,懂你英语,美国研究生申请分享,1
270,懂你英语,天际教育,1
271,懂你英语,令狐富贵,1
272,懂你英语,PinPharmacyIntelligence,1
273,懂你英语,头条新闻频道,1
274,懂你英语,张佳玮写字的地方,1
275,懂你英语,懂你学堂,41
276,懂你英语,JK英语,1
277,懂你英语,菲尔德国际少儿英语密云中心,2
278,懂你英语,几米漫画,1
279,懂你英语,覔书店,1
280,懂你英语,人神共奋,1
281,懂你英语,申江服务导报,1
282,懂你英语,墨守珵规,1
283,懂你英语,ipop,1
284,懂你英语,新东方在线考研,1
285,懂你英语,中外学术情报,1
286,懂你英语,另维和Yellow,1
287,懂你英语,心语美文,1
288,懂你英语,好姑娘光芒万丈,1
289,懂你英语,福田图书馆,1
290,懂你英语,自己的成长,1
291,懂你英语,中学语文教学参考河南站,1
292,懂你英语,浦东孵化联盟,1
293,懂你英语,VOGOO,1
294,懂你英语,夜伴新青年,1
295,懂你英语,中国移动上海公司团委,1
296,懂你英语,家长日报,1
297,懂你英语,大连润海文化体育发展有限公司,1
298,懂你英语,亚马逊图书音像,1
299,懂你英语,阿怡说,1
300,懂你英语,天方燕谈,1
301,懂你英语,左右青春,1
302,懂你英语,心语星缘,1
303,懂你英语,一星期一本书,1
304,懂你英语,北汽绅宝徐州百骏旗舰店,1
305,懂你英语,就是好厉害,1
306,懂你英语,西双版纳报,1
307,懂你英语,心智胜境,1
308,懂你英语,大李吃西瓜,1
309,懂你英语,我是柳主任,1
310,懂你英语,音乐台,1
311,懂你英语,小小苑,1
312,懂你英语,来自世界的美意,1
313,懂你英语,萝严肃,1
314,懂你英语,nill学长伴你考研,1
315,懂你英语,菁城子,1
316,懂你英语,英桃果英语,1
317,懂你英语,微英语,1
318,懂你英语,四川理工社联,1
319,懂你英语,树不子,1
320,懂你英语,医见投研,1
321,懂你英语,外语学习资源,1
322,懂你英语,出国1号站,1
323,懂你英语,英语口语,1
324,懂你英语,清华五道口金融EMBA,1
325,懂你英语,英语谭,1
326,懂你英语,蔡雷英语,1
327,懂你英语,遇见番茄,1
328,懂你英语,江湖人称艾掌门,1
329,懂你英语,HippieLife,1
330,懂你英语,智东西,1
331,懂你英语,美女媚,1
332,懂你英语,微悉尼,1
333,懂你英语,BlueCar,1
334,懂你英语,每日星座运势,1
335,懂你英语,澳家,1
336,懂你英语,西果在线,1
337,懂你英语,东八区区花,1
338,懂你英语,小川叔,1
339,懂你英语,MAXINE时尚日记,1
340,懂你英语,大J小D,1
341,懂你英语,潇Sa说,1
342,懂你英语,北美湾区天天汇,1
343,懂你英语,飞和视界,1
344,懂你英语,少年怒马,1
345,懂你英语,剽悍一只猫,1
346,懂你英语,知情意行在路上,1
347,懂你英语,沪江运营社,1
348,懂你英语,贵阳中医学院针灸推拿学院,1
349,懂你英语,小鑫醒了,1
350,懂你英语,西安环球教育,1
351,懂你英语,减脂餐轻松做,2
352,懂你英语,英语伴读,1
353,懂你英语,隔壁发行,1
354,懂你英语,再深一点,1
355,懂你英语,Power铂尔教育,2
356,懂你英语,开心词场,1
357,懂你英语,21世纪英文报,2
358,懂你英语,英语每日充电,1
359,懂你英语,高囍宝,1
360,懂你英语,颜辞,1
361,懂你英语,逸娅随笔,1
362,懂你英语,老斯基漂移,1
363,懂你英语,Echo陪你练口语,1
364,懂你英语,精彩语录,1
365,懂你英语,平安随行,1
366,懂你英语,佰洁桑的小确幸,1
